{
    "list": [
        {
            "name": "电力交易员A",
            "identity": "fire",
            "status": true
        },
        {
            "name": "电力交易员B",
            "identity": "sale",
            "status": true
        },
        {
            "name": "电力交易员C",
            "identity": "newe",
            "status": true
        },
        {
            "name": "电力交易员D",
            "identity": "ener",
            "status": true
        },
        {
            "name": "电力交易员E",
            "identity": "ener",
            "status": false
        },
        {
            "name": "电力交易员F",
            "identity": "ener",
            "status": false
        },
        {
            "name": "电力交易员G",
            "identity": "ener",
            "status": true
        }
    ],
    "pageTotal": 20
}  